UserName,Email,Password,PasswordConfirmation
^039UYq3UjnjbL$,verlie.fay@yahoo.com,0o76E0ab8$,0o76E0ab8$
^iP080VKE998$,burton.daugherty@yahoo.com,U8N56S5f$,U8N56S5f$
^a1bIYZ1Zi7DbD2e1Ee$,earlie.shields@hotmail.com,E31998ihS7$,E31998ihS7$
^fXu29tvRO$,lynn.strosin@yahoo.com,LeSWn2njE$,LeSWn2njE$
^G3oqxFLK$,hilario.schimmel@hotmail.com,AOUTK3s6vGK$,AOUTK3s6vGK$
^W8ATSEwDP3J6fZ$,dillon.homenick@gmail.com,pfykhTlEgw$,pfykhTlEgw$
^0nxSDu13S8l$,colette.huels@yahoo.com,fFaakBj9xv$,fFaakBj9xv$
^r2s1P6vIN9uTj68s$,lilia.hane@gmail.com,X4hl9N2m$,X4hl9N2m$
^Z1ZULEdy$,clinton.oconner@gmail.com,50SVKqDB2KfVKgx5Y$,50SVKqDB2KfVKgx5Y$
^OeG7vfbWp0R$,marion.gislason@yahoo.com,xkKTY6Cz8$,xkKTY6Cz8$
